"iso","umd_tree_cover_extent_2010__ha","area__ha"
"MYS",29079369.62314838049053369,32938348.75983471439343540
